{"laLiWo3iPQczpx2bqwol1Q==":"logo-122x23.png","abb4ScbD4cESZDZb3UD0BQ==":"logo_larger-644x121.png","3jmPvFQ7UsZb/YzThzNBCA==":"logo_larger-2000x376.png","f/ifk9sV/yyALcIsGbTXOg==":"logo_thumb-2000x1667.png","TCXRsPcZMZpjOTkw1XUvSg==":"1-1128x747.jpg","Pfgwt5FsU+LM8fTqLzlJIA==":"2-1128x747.jpg","3c4SZJQIgyTG/NdPUN49Iw==":"3-996x747.jpg","7LgX+YnepyoL0qOcrqTuIw==":"4-1128x747.jpg","ZmxOoimZAomkDiLoUdCyFQ==":"5-1128x747.jpg","tj4QoGI9KrBsQLZOb0JDng==":"6-1680x486.jpg","koyna5Qi8lEdJpZc1FSXWg==":"7-1128x747.jpg","9rshZ1GmUKAAygzKJ9UxSQ==":"8-1128x747.jpg","v98eeRNwP4NuQIbmKnbdKg==":"dr-305x425.jpg","gwPFTdAevomoRjLUrp0R4g==":"dr2-356x348.jpg","7UZuYSgJFm9UC6MBxuQ6iA==":"dr2by2-356x348.jpg","hxnsRH7NOTp+Mv0uoMVXxg==":"6-1680x486-800x231.jpg","2PcftjokTuTHTneD6IxarA==":"calves-600x776.jpg","JHFibh/SQJNrhcUM1asSZQ==":"hamstring-600x776.jpg","3E13Wd4wA5yJnohNB97AMA==":"pectorals-600x776.jpg","s1oAm+cpwZFIaJ0sdVWFcw==":"piriformis-600x776.jpg","72Y3K2/lodw7SuMeEaFRxA==":"quadriceps-600x776.jpg","M783qKlktCgL6iKlAvCS1Q==":"shin-600x776.jpg","CsfMDRQapXDIJQtlBS3FKg==":"mbr-1920x1281.jpg","bdsSkQaUpV2rNK/g+zdi/Q==":"mbr-1-1920x1281.jpg","bC+p0Q8IAfzycgErstiknA==":"1-265x210.jpg","lvVoCDgj3rQJHZ4vehgtbw==":"39-242x307.jpg","B9IzpXvEW2cw+BMFLjf9oQ==":"4-179x241.jpg","zPZPWAULRNSQpYUACPI3lw==":"33-222x269.jpg","adbLKWlj9/B0qK3RmBa2pg==":"5-287x226.jpg","u151biI5LTXzKwLZyP3CEw==":"6-250x199.jpg","xLlSvCxDGTEkJfKtBE73Ug==":"7-173x221.jpg","pk096rxcVzSvXlEMn/IaKQ==":"12-211x265.jpg","f5Z1HZlvIm9DK29EHlpzoQ==":"29-226x275.jpg","Yqa7tydM/S8jnk75yX+9sw==":"doc-332x482.jpg","UAc7kepzJPkrSn4uqTRvmw==":"background4.jpg"}